,PC_0,PC_1,PC_2,PC_3,PC_4,PC_5,PC_6,PC_7,PC_8,PC_9,PC_10,PC_11,PC_12,PC_13,PC_14,PC_15,PC_16,PC_17,PC_18,PC_19
demographics_gender,0.012397769244458444,-0.01038472245279033,0.016845149273520918,0.0009715146923502161,0.006237199022305264,0.017241067928301067,0.036146507736811676,-0.01768608805413007,-0.06535666036062725,-0.0007322717351183004,0.11634651168210242,-0.004211577203667377,-0.004103060265433051,-0.03228599392947359,0.1456959764498225,-0.10247067383459316,-0.15821499472700082,-0.005830433779368302,-0.11272165290348979,0.16573790841295472
demographics_age,0.0776871843515836,0.04511070638615504,0.15808927896985564,0.00785436744932394,0.14581654940237945,-0.04092849644946104,-0.08045231895713988,-0.029299584311734354,0.027957820652175207,0.008295703044530261,-0.09693302512541956,0.12287401733286715,-0.07928456269753585,0.12232172722380057,0.008307393797003808,-0.012193200990351842,-0.010057608262875677,0.03912338116670632,-0.03746695908556629,-0.03892413965901382
general_anchor_year,0.0009137432949845617,0.003333679213923751,0.002477281957247186,0.0016069560048734516,0.009176022271768265,0.0010421678992309105,-0.019386277991632186,-0.001047869301376301,0.012470599344395572,-0.004985391171175207,-0.00618513478586369,0.006558987286299476,0.010305227282401077,-0.00047693701799971075,0.006255524497354582,0.011751030989227345,-0.005409603852493093,0.01020193903750832,-0.012602520763783138,0.03930697103385244
general_anchor_age,0.07940775566389287,0.04586966345987708,0.1564206584230655,0.00719501838582849,0.14217714317039587,-0.04036011816972343,-0.07366805767379914,-0.02648263511965697,0.022114001170721678,0.008431068570995594,-0.09157121941886648,0.12264677697554315,-0.08351800826827072,0.13130648846618911,0.012952045678127971,-0.010256314835099568,-0.00456951060605314,0.04242437828331979,-0.042267021709103514,-0.046690453447836636
general_mortality_hours,-0.015585675791503165,0.012129149528709436,-0.020249330345129563,-0.004402934722770562,0.1261004400101644,0.009824648414624345,-0.24386958021005206,-0.2172937463786802,0.029792508604608154,0.020655647653937882,0.23561666181094493,0.24817596162285654,-0.030508759825926365,-0.06987429445372957,-0.012696272063577277,-0.007099960155613336,-0.007032036396296382,0.02225687227547047,0.09870844773611381,-0.010255539118723452
general_mortality_days,-0.015608864722001868,0.01212555224020516,-0.020273526933986794,-0.004403870977020716,0.12610418362835313,0.009835238266831029,-0.24387234018259166,-0.21729102111758072,0.029783354040760726,0.02065490127045173,0.23561758464176052,0.24814727646986523,-0.03050386776729341,-0.06986639886484702,-0.012703530480882472,-0.007093958660648864,-0.007024781913674689,0.02226174729977738,0.09870390349494713,-0.010257635523587301
demographics_ethnicity_asian,-0.0005410843919850693,0.004342812766931404,-0.00677676805586334,-0.0013678421990660932,-0.0075528568431563175,-0.015449923883553597,0.002571232354039742,0.01237464739859583,-0.004575155747183651,-0.0052304800232616765,-0.006172560813024807,-0.002692022980108558,-0.0036746836859432455,0.01964954226701619,-0.0372408624678694,0.03197879913825281,-0.01951345329113333,-0.034084254998976736,0.07233549935064261,-0.11210354109201057
demographics_ethnicity_black/african,-0.036300984372892815,-0.022323292121431904,-0.0013973565379647292,0.003290851946558959,-0.015649146006855765,-0.030464382578838548,-0.04566580905033557,0.011952820845237754,0.008419763286390443,-0.001608376712676061,-0.0037081164250032726,-0.027992038295275298,0.088958083296062,-0.20141844786163582,-0.1412420077217756,0.03923008682737333,-0.020615544466535955,-0.04712711314827819,0.08941304126484975,0.04273364793674131
demographics_ethnicity_hispanic/latino,-0.023653529187595283,-0.003205992176856784,-0.02427109403269575,-0.0018564099093400163,-0.010143845193796327,-0.0014189966621717689,-0.005552146724195824,0.026178052446344996,0.004616683877732453,-0.005942202097144067,6.408936665798218e-05,-0.03357632869656708,0.029781878254070204,-0.03452386285098257,-0.07273108537822853,0.02607866357934722,-0.0015380548591517296,0.013537525385545911,0.06124328228983275,-0.00024555724306771237
demographics_ethnicity_other,0.012751382249159879,-0.003690282782418567,0.00797083449481088,-0.002577158450236735,-0.032842003194999164,-0.006396450897781361,0.019352455945703655,0.012794668622273646,-0.06814011046335895,-0.008223851955876667,0.0611833476327397,-0.03328276921212425,0.024705115388042022,-0.00924709431774421,-0.07765483626796045,0.0503964546006285,0.0463475864158032,0.01352224436330484,0.014405292650945159,-0.03301779684241518
demographics_ethnicity_white,0.036258883043381575,0.020592528877676493,0.012315273165142693,9.802300902970726e-05,0.03850296274428737,0.03553589266979296,0.02995879698336124,-0.035172677056238465,0.027982987645007652,0.010781375172595932,-0.026572498122353,0.05943230044586741,-0.10146483814648227,0.18369718719690367,0.21118875070459553,-0.08519087213568284,0.0013268575022485746,0.03842255219252216,-0.14231308863013373,0.02504396904763658
biometrics_bmi,-0.020084813333977176,-0.022561891708975344,-0.009195182724622839,0.0017778668748721993,0.018998189635102133,0.05232245697839822,-0.02060186175779064,0.008988560506550147,-0.008835751608974726,0.006979852780294252,0.0341042686519237,-0.09246117644373511,0.07048321521234714,-0.13408003499394597,-0.015312102852093829,-0.03567910874338064,-0.0966699010608353,0.11299764457584188,-0.11623446619706676,0.4176342894477922
biometrics_weight,-0.020819772036176826,-0.028820129350841696,-0.012104662176644802,0.0011518495196606486,0.009105098801662787,0.05746646781050466,6.227141060760349e-05,0.0011775705474346512,-0.027364198197047412,0.007988889710051964,0.07162914594071795,-0.10056839609695054,0.07402641717530757,-0.1556210292775724,0.04450307086005109,-0.074368347072184,-0.14120344337630425,0.10568914914569257,-0.15815838588815131,0.4756068181827241
biometrics_height,-0.004203672074218225,-0.012224890063600686,-0.00722545809597187,-0.0007759651594887754,-0.012182159153233636,0.016724307572178413,0.03183699535934014,-0.010813442431819118,-0.03565756560370531,0.0026547344818897305,0.07197640098969957,-0.029326644966298755,0.017835702440456118,-0.06655367039128197,0.11404317362385422,-0.08734666897621178,-0.11631051336390513,0.012730978455556577,-0.1128792444920783,0.20330548619586675
vitals_temperature_mean,0.09383301355661987,-0.11447455790610542,-0.19413882994669396,0.0005819338337972429,0.16928742040274447,-0.2592585471334713,0.07600926029738192,0.029493582692974224,-0.06476104361485059,-4.689288616017194e-05,0.019238474133328243,0.009108693080998098,0.006369483049278054,-0.04281393915663684,0.010277969164523879,-0.016505647444947622,-0.021408977401093657,-0.013619580359041625,-0.01878670315499422,-0.020054764350644426
vitals_temperature_median,0.09368165889230473,-0.1142686236789878,-0.19403847920326153,0.0005789082067192646,0.16913996038966525,-0.2593459071930712,0.07599592845984923,0.029591045046752657,-0.06437395660042554,-6.222670494611792e-05,0.019289716248676037,0.009198349592161117,0.006271658170351669,-0.042912149460891,0.01024096784453573,-0.016545174597076225,-0.02168746745468273,-0.013270448317466137,-0.019377808005350987,-0.020384924948236103
vitals_temperature_min,0.08289708261910685,-0.10699596208037682,-0.18892166939863309,-0.0015589896142381144,0.16590671321515257,-0.2596361407200361,0.07616289163958963,0.03503045328697055,-0.04320602286987694,0.00043760070338859293,0.03877730263000186,0.009326938310918843,0.005777614520172941,-0.04926810051305995,-0.0005820293696821,-0.013140442808884916,-0.037701020761922596,-0.0022524568451872413,-0.08606265191055688,-0.06643654336760324
vitals_temperature_max,0.09989088279823992,-0.11642677076552475,-0.1902695774237784,0.0025464507885230706,0.1648723842293771,-0.24704045132044208,0.07242499996544009,0.022898098344108032,-0.0822401862890511,-0.00047645655125551296,0.00013946604901597797,0.008403573128908154,0.00672153664834728,-0.034752186927592035,0.019945187928531814,-0.01884036704222674,-0.005009311307618999,-0.023899006934382083,0.04520935989369524,0.024315715012915046
vitals_temperature_std,0.05409573428172136,-0.04011886978696697,-0.03438055381609707,0.009656846980191662,0.025022463707774063,-0.012974841443053976,0.003643825559708734,-0.02300863105270592,-0.10016235663654491,-0.0021540779307392456,-0.08581740159287965,-0.000581737573788723,0.0032136842613707537,0.026515739049533544,0.04919213361533936,-0.015808566871505107,0.0719341231267445,-0.05204348119676129,0.2998432012359348,0.2062803276681253
vitals_temperature_first,0.08620533289892647,-0.10884568116348221,-0.19027669627827984,-0.0018432507486844838,0.16491231644580748,-0.2563806183342215,0.07550158251391842,0.030531328054379588,-0.04768952677716779,0.0007586308320706184,0.03082964244703202,0.008725303193625923,0.004721443059125311,-0.04603992838718947,0.0010900476573749652,-0.012555797622574276,-0.042234850362494865,0.001246347711419543,-0.106775914491268,-0.08367235317251087
vitals_temperature_last,0.09645976252414654,-0.11443216537427246,-0.18901364734725692,0.002887940829509957,0.16581058338766202,-0.2503780800951024,0.07279393478718314,0.027292926098020562,-0.07793942174405717,-0.0008168448061497576,0.00812812350986332,0.00937407239622146,0.0077370785880836864,-0.03803583060831252,0.018720002472088982,-0.019331800266546652,-0.00012556760868471812,-0.02744374032048193,0.06706245920050444,0.0424515952683893
vitals_temperature_rate_change,0.028588049706530155,-0.018834400682258702,-0.0076602406629836875,0.010720972680676904,0.010332471717397297,0.0013055111532324951,-0.002380586118944116,-0.006801924594713753,-0.07408220593567745,-0.003605850184185756,-0.053708601527908115,0.0021694676165256665,0.007010550360225141,0.017294464656618415,0.042019628356227044,-0.016666566210646175,0.09812773987142297,-0.06810205250484128,0.40964324596807544,0.296728871536229
vitals_temperature_coeff,0.02257948728327147,-0.016543424280800325,-0.011833205851656545,0.006768787783447283,0.009906732328101856,-0.003998057531657589,-0.002894453310163535,-0.002072089207815218,-0.05950995363908531,-0.0026528129769704868,-0.039655488910414316,0.004395183729078496,0.004896607210983641,0.012105640415210854,0.035009760121381864,-0.017810484223334408,0.087136275110535,-0.056714085362506314,0.36930605700210856,0.2677681964672919
vitals_heartrate_mean,0.10226883141716948,-0.21279902016837923,-0.1324402053848354,-0.005670842338678554,-0.1605507431237266,0.06462137900864043,0.024897422367937853,-0.14378868413679946,0.14385934071382198,0.0014218823357638748,-0.04231429261922383,0.0452477031213597,-0.00919671084782012,0.035464977735674225,-0.08777846170313543,0.038520520833079205,-0.031641021619760824,0.0497181023222485,-0.020348725489152553,0.03827394008825938
vitals_heartrate_median,0.10105852905757103,-0.2111766716059085,-0.1311133293654413,-0.005656879330708881,-0.15877578169743659,0.06311253933092159,0.02508789887085299,-0.14180086718030827,0.14555863219850654,0.0016128346638844705,-0.03896036493031034,0.04350584843765317,-0.008710626597804177,0.03492277044859744,-0.08746768928444079,0.03938635028750683,-0.030104839837456734,0.04804451796873426,-0.019428419957854232,0.04032835728513101
vitals_heartrate_min,0.08514006767742673,-0.20045215605612432,-0.12611492291501786,-0.004566559475044404,-0.14497998949082258,0.03501410140789624,0.028067992634713757,-0.12012919734062741,0.21685614244112342,-0.0008962675341752765,0.01602337369164823,0.007369940056738561,-0.0008662049678794786,0.036459828589581286,-0.10228259259367607,0.05155140689059029,-0.02102107353098608,0.044817946501959416,-0.022990363512645422,0.04824366007085212
vitals_heartrate_max,0.10848352231647809,-0.20524749765785044,-0.12676086759236643,-0.00624511448576384,-0.16087761437440984,0.0851240864082299,0.019743457843065693,-0.15285564412189773,0.06693121269543882,0.003193196490891255,-0.09133651312607118,0.0752505959079933,-0.015575389107052175,0.03198420205887502,-0.06829903010154499,0.023228925688219087,-0.0391825539358406,0.05163499980535409,-0.01777052662413602,0.023870858380762035
vitals_heartrate_std,0.06461299344355952,-0.07030941979304985,-0.038071252582399864,-0.0032053346983618417,-0.06498112742692012,0.10025150803323668,-0.004061382994326777,-0.094831135205574,-0.19991192159854332,0.007142119848605843,-0.19832551329679765,0.1209304620921054,-0.026811154037869444,0.0054560302105540045,0.03333480790214333,-0.0378067884247775,-0.04021770620067807,0.02379729267748895,0.0030909245493749076,-0.026833298691485617
vitals_heartrate_first,0.09889562589190881,-0.20551153898898555,-0.13223144897904798,-0.007365176527960668,-0.15942060796249785,0.07374406259005682,0.023724150956660493,-0.14917995329770758,0.10442570604671146,0.00139267489060469,-0.0840848864847331,0.07263309942158079,-0.014566923988784179,0.03512166196924021,-0.08346270630963262,0.026667352301163752,-0.05786765984041999,0.06799997218431704,-0.02983710404135992,0.009530537717099065
vitals_heartrate_last,0.09692838595883814,-0.2012295941599809,-0.12134286148432356,-0.0034000520772977196,-0.14956077416167893,0.046616746609796075,0.024430594880194462,-0.1240760461371375,0.18164738534997985,0.0008921488351690779,0.012851891247894048,0.010107579831131102,-0.002320469691722482,0.03284768537851359,-0.0885452382612601,0.050086369902905124,-0.001856140680314323,0.028094397267175258,-0.012353734665710651,0.06272632016616043
vitals_heartrate_rate_change,-0.012000757854487702,0.036068156774966484,0.03375719386648366,0.007606472447531258,0.02959446597498932,-0.03637125055125717,-0.0079706471516593,0.05418092732904231,0.06319895870431069,0.001349061359524604,0.14411425385116972,-0.09103732528607528,0.01545410321864108,-0.01163707848257466,0.020631909020372128,0.02407882333861305,0.09991515961259897,-0.08333376742985647,0.03487932503542927,0.08649559585055766
vitals_heartrate_coeff,-0.014757472602064049,0.03249060798211919,0.023391222578650384,0.0039902687720083695,0.030136286323298032,-0.03340283905978126,-0.0014892844172684264,0.04865977588229272,0.0482710497165059,9.388215486372908e-05,0.12360040999037195,-0.08406553084509681,0.01894350840433678,-0.013278440993188284,0.023027722107097852,0.027352175960209203,0.0935246367889294,-0.07050411351711242,0.03027304905076907,0.07407530887910642
vitals_resprate_mean,0.1421711293226954,-0.1504810747075995,0.005689793249750192,0.0019893918445278254,0.01775168443581366,0.0806705750888804,-0.24296397281848534,0.2647002910277133,0.035758916467598614,-0.004202793894771724,0.007794148395766711,-0.032985628145916046,0.005980474273822032,-0.02077894804602852,0.03404662018348116,-0.013838966925183474,0.0024915423586883804,-0.0018399985843848949,0.010235530889596193,-0.030974281657592865
vitals_resprate_median,0.13982822397012312,-0.1477999957691622,0.005428735073458275,0.0019211137044542932,0.01845698528835457,0.07718229320964513,-0.23971305903118972,0.2633812892928345,0.04149819291633941,-0.004618920576296105,0.01194921696378904,-0.03447597444040075,0.006538531412338334,-0.020135176465274556,0.03271501520341688,-0.012604360186381374,0.0032947547553758513,-0.0020329764510932354,0.010205079167222544,-0.02930609822109197
vitals_resprate_min,0.09300356565608706,-0.12114869500407299,0.0045348891954978335,0.0019173396865641683,0.022453638309369355,0.040140671181610396,-0.22581339472816003,0.2836808924059971,0.16064537255617992,-0.006012295597707918,0.08767255081837237,-0.06075634109865797,0.007052970381180674,-0.021129689069766734,0.006552283903174762,-0.00043182754399243,-0.007002071430151156,0.00986668609437255,-0.013246997620008603,-0.0431574495840348
vitals_resprate_max,0.15593026146534728,-0.1483205523106386,0.005693337280510668,0.001744918322613878,0.010101223444511228,0.0998950707675108,-0.21611917725116123,0.20488105293073108,-0.07050165359143631,-0.0019964026650538414,-0.05759576051381817,-0.004346668779168644,0.003821118978328602,-0.017494523889192915,0.04958619130466656,-0.022739260325733875,0.008467044185235896,-0.009988402049062638,0.02528536149625564,-0.01867268376990161
vitals_resprate_std,0.11026395816075113,-0.07697737897757388,0.0030905505600922023,0.0006358408801923547,-0.005267210959443638,0.08919396002716463,-0.06529398143316927,-0.0023175575183190687,-0.23747527137474592,0.003855973223130361,-0.16179025948748024,0.051812582958801194,-0.003323617102163567,-0.002501254015998792,0.06172723128620393,-0.030790489290771196,0.01588337942975531,-0.02272243913863856,0.04796051285647208,0.018326333212735295
vitals_resprate_first,0.12732771448234467,-0.13670258793713608,0.006487569180689932,0.0016147639799468866,0.01432042174849944,0.07695902421435376,-0.2222481806484795,0.23746596679656917,0.015952744038281518,-0.0031992220512676037,-0.004355913486465536,-0.009985998794581058,0.0025461943734834316,-0.03161479699938278,0.0195963990674976,-0.026854012672519977,-0.027764533246676975,0.020248576858737734,-0.037158801237430705,-0.07792247687541377
vitals_resprate_last,0.1276830648692634,-0.13513498172112448,0.005253850655463887,0.0029843862250683146,0.01865591269418265,0.06853084979679776,-0.2235074645506791,0.2501597128121883,0.05655163846119019,-0.004538923209907642,0.023764277519901254,-0.05107158045017791,0.009242407671618583,-0.007456257666084838,0.04129859756927179,-0.00023757007205727965,0.030258611349329438,-0.019857630177161058,0.04744374725442388,0.013812043432739339
vitals_resprate_rate_change,0.015443969276780847,-0.008647018297927713,-6.625182067493955e-06,0.001459890970559512,0.006230326138250351,0.002004169728773365,-0.009530639215034178,0.014528498656651777,0.008434494431146593,-0.003373469465183351,0.010137849225962458,-0.039702749035831736,0.008589548642208457,0.030353262008033722,0.03424093604818636,0.029938819843255606,0.07361181943891282,-0.05466588158094525,0.11129852122430418,0.11755288408960697
vitals_resprate_coeff,-0.0041058587406541175,0.005631421276994053,-0.0009303262940998809,-0.00033959357705128085,0.002006086773358931,-0.007358941389774505,-0.00018182564875636006,0.0021623944092701948,0.02726913719381874,-0.0014484728511099429,0.028139462897755946,-0.03899792520343697,0.010227111374846233,0.018733682002429464,0.031205697734260986,0.029682636392052056,0.05944236995417117,-0.03967862026439034,0.07153224956058839,0.09544922338105984
vitals_o2sat_mean,-0.10034593183860588,0.04500090515925128,-0.04607839199780222,-0.00022594074094480865,-0.2741030743558964,-0.23283593258180513,-0.17944901255779203,0.027369294988407632,-0.08060309953972734,0.008611029771963357,-0.021431816693967525,0.0364905688657381,-0.023434308811822183,0.038103231996287,0.031113195171072423,-0.014783521183646136,-0.013448782834933113,0.004309022968185487,-0.017820863646595908,0.024844892049762823
vitals_o2sat_median,-0.09259228010740463,0.042869216002842186,-0.042155860137163076,-0.00010646886772181626,-0.26530056817298237,-0.21850934862307853,-0.17332588439847263,0.025595277790806215,-0.09329738220915476,0.00825334946823676,-0.025499683008065897,0.038699464506852646,-0.01564233175774756,0.027857299088228718,0.028245199614226817,-0.014356375573562613,-0.010055433277256422,-0.001562185497023679,-0.012501164990680068,0.02014110460979852
vitals_o2sat_min,-0.10626376298457535,0.04777363125346988,-0.04525182575435796,-0.0014380883752073612,-0.23451263104288603,-0.22586612567247785,-0.1519969766738142,0.03487696173787729,0.002167194284019315,0.006900253732749195,0.02591692452414059,0.020028847688683977,-0.03537340617502146,0.04959565865864151,0.02181986177380827,-0.00557206988408249,-0.02289203972724644,0.02212027275790391,-0.0329794589961862,0.0259346053901337
vitals_o2sat_max,-0.06410566062845219,0.029575176115570534,-0.03467310809428882,0.001276455572304464,-0.24381882490082787,-0.1753711900516484,-0.16239444853379142,0.01067946768991292,-0.1551739825325719,0.007982336966214958,-0.07218963944142662,0.0459350393004622,-0.006409857141926079,0.01672704867400977,0.03764789146766887,-0.022950835381088056,-0.00036350383026230356,-0.015556764329836886,0.006377473201467884,0.01843418733315848
vitals_o2sat_std,0.0831320115769719,-0.039904640085507405,0.0312195806630847,0.0030097015928832035,0.12446429036574265,0.15637714420463356,0.0784182762353814,-0.03666171455926132,-0.10240440212042533,-0.003049300141812737,-0.08926090298953303,0.004161939984281235,0.03667044815197195,-0.046056193280548406,0.0002741675490254387,-0.00994055538984041,0.027208697291342128,-0.03868964761749172,0.044947298745486,-0.01707943663579245
vitals_o2sat_first,-0.0991076581744208,0.046632163486948645,-0.043916090334447155,0.0007376739318317008,-0.2377872588315728,-0.20495941522653663,-0.14560207970686423,0.018078565137744706,-0.05224639379055751,0.005890307560887607,-0.004285044788023348,0.02787796182886341,-0.022371397276998606,0.03212388983816589,0.0409677087024739,-0.008832228213572569,-0.011697846415765684,0.012505068046023717,-0.007810400587212038,0.023723790932826887
vitals_o2sat_last,-0.07759691846618427,0.037771061938568766,-0.037504970116317565,-0.0008028489553553767,-0.23673792716118788,-0.20493598977002822,-0.16419786147190243,0.031882091394493425,-0.07386452538020105,0.008044959882790905,-0.015033563296942503,0.035872217536992566,-0.017916794636401362,0.034158464631512675,0.015399439410875475,-0.01585333677424146,-0.01251652725928587,0.0007453603571839252,-0.015156866497351823,0.020873556354959615
vitals_o2sat_rate_change,0.01974229206762217,-0.011605967001730687,0.009774577277741404,-0.00035311982685476943,0.04972793977230299,0.04870291123497483,0.03197131072676167,-0.003728929292825899,-0.013402266910678726,-0.00032688053360973234,-0.020413025868812634,-0.0017867097989685912,0.02322733650153721,-0.018803738843403903,-0.032536463078966946,-0.007373315974192184,0.005573289477441665,-0.023120773636462942,0.00424346130751786,-0.009497148299768533
vitals_o2sat_coeff,0.015691110553932623,-0.006891574749012429,0.008092765985019503,1.710944888417021e-05,0.027631609308245063,0.016540766707331584,0.006070393831998091,0.010151508345678018,-0.0007410296020517908,-0.0006890809455676744,-0.011532131413140427,0.013042482272813327,-0.004543533393069103,7.852548315838953e-05,-0.043410779975281914,-0.013267818730575412,-0.020067092186454326,0.005736653883920121,-0.008282454097342407,-0.02295514917229423
vitals_sbp_mean,-0.13990042054974694,-0.17268036985097523,0.19462271953192556,0.029879148190550445,0.10585609683778179,-0.10253081530123626,-0.04296165009086239,-0.01266652516115284,-0.00900833449745029,0.0007673849077353771,-0.07750165738934622,-0.021706808928564924,-0.018774595187863705,0.08419587416036413,-0.12548426208165797,0.05970001480612523,-0.051804999132746686,0.10241181458546199,-0.0048036436609220565,0.05690337274415216
vitals_sbp_median,-0.13978574452069284,-0.17159771969459606,0.19367177359455423,0.02985570050016032,0.1053005899385329,-0.1025396980757655,-0.04284596539140228,-0.012318568874324354,-0.007896029122007923,0.0006920561170417781,-0.07597007242038156,-0.021884674397782113,-0.01877903201158389,0.0833403111499593,-0.1247392477962685,0.059133849356596165,-0.05073992498787743,0.10057344693804005,-0.004504069696615074,0.05673972717815283
vitals_sbp_min,-0.1538043651087891,-0.14838380617625072,0.17666687579257426,0.028302526902679176,0.1051368302070541,-0.11939515426287133,-0.032834461799550595,0.007582853479753825,0.07886221798917649,-0.0011903267634516398,-0.023431075623713504,-0.045659521152908215,-0.013418795945851015,0.0843191107819736,-0.13260501971234617,0.06400528522424605,-0.05098255477611996,0.09974088703120636,-0.008325063466625895,0.05945009256310736
vitals_sbp_max,-0.1121233298172582,-0.18229692178702175,0.19543193599775857,0.028606307269393526,0.09708499986352002,-0.0753068680283247,-0.04939522161194552,-0.03295011867482153,-0.10028220438976729,0.002843173626890089,-0.12740398954861515,0.0051540414918507275,-0.021904806195897266,0.07704306048883033,-0.10709723031327371,0.050491157177838364,-0.04920018947347622,0.09806529665907597,-0.0014193543416038891,0.04893648753675005
vitals_sbp_std,0.07246288760793604,-0.05851789234389088,0.026410774442922197,0.0010853607881568417,-0.006463516356231426,0.08113176365294929,-0.02337084581013126,-0.07064745093463103,-0.3027226041131129,0.007346773667451938,-0.19757042003659359,0.08405917795087663,-0.014827974858887549,-0.010776842140029306,0.053753958039588524,-0.03005119946978528,0.003828390210940917,-0.009860439268531767,0.015652611945727157,-0.014665648968684586
vitals_sbp_first,-0.13036849897703476,-0.1740542225648319,0.18731967960860385,0.02833529078038303,0.1002971287759985,-0.08619683497042134,-0.042686381623800396,-0.01736908819920462,-0.04507721199704384,0.0020803308480836008,-0.10390399789214215,-0.0008359109585569337,-0.01893703855992967,0.07761043245892427,-0.11336386040716513,0.05260584002699471,-0.06359678158440105,0.11435829315764608,-0.017610635337151667,0.03843633979504983
vitals_sbp_last,-0.1372211534695282,-0.1569848569336703,0.18719163407544376,0.02909883629912076,0.10331588280522008,-0.10970636217042727,-0.04063102107655163,-0.0076213617469495076,0.025573308626171888,2.9560038224226765e-06,-0.046587080450304456,-0.040273409101394785,-0.017062598421924532,0.08477422781124584,-0.12775120643209034,0.06099963257127848,-0.0375294240230428,0.08552201451376988,0.006833335183342652,0.07111570739369046
vitals_sbp_rate_change,0.012590150987366058,0.025179933477961852,-0.012551667158922673,-0.0020810673211432928,-0.008703017738249172,-0.005243256696017809,-0.0003793881488306433,0.004516948085844807,0.03576883640532149,-0.004049665564005219,0.05637544388221642,-0.034268451590836344,0.0022808665656620097,-0.01586708072276914,0.011058650309690447,-0.004314731517123572,0.05273728869558556,-0.07649752813416758,0.05025388269830747,0.03708983006102367
vitals_sbp_coeff,0.00275887520414565,0.025139923921228102,-0.013871664230480557,-0.0015172178313263437,-0.005076581247289018,-0.015188939374197217,0.005905559926538848,0.007983165310478352,0.07280623090538119,-0.0019576049648116207,0.07606825587145728,-0.05034703665863838,0.004692310223792854,0.005437707304761093,-0.005896006615608399,0.007226001686913205,0.05297718636500159,-0.05968993207687656,0.057895620718853395,0.06835355523453658
vitals_dbp_mean,-0.1368011687321834,-0.23238607056140798,0.10367501398066262,0.022047083743847187,-0.05628107843303842,-0.005277782577023154,0.061089214124922075,-0.04490383628395484,0.0009396729918484068,-0.0011936404301407966,0.07772600760617991,-0.010614971908696478,0.037272209974580695,-0.10369311125599336,0.15794018769272514,-0.06296029250846769,0.09553369980007485,-0.11675989414734683,0.0066787068367897984,-0.0770732903883362
vitals_dbp_median,-0.13775962202932712,-0.23014752648370082,0.1019158666968028,0.021836307147469623,-0.055749007219784166,-0.006998525995615136,0.06102207727397897,-0.04278726911499798,0.008038013569985309,-0.0012876683348328813,0.08074792628811711,-0.011785750664757958,0.03705758061019393,-0.10202929287659353,0.1542992980648896,-0.060808847747389,0.09413570460401825,-0.11492092786023209,0.00712486113519969,-0.07453518319915327
vitals_dbp_min,-0.15584354104588694,-0.19923084545087222,0.09056614718266422,0.020989226505159945,-0.04437892742979016,-0.033324123243058314,0.06546323315174793,-0.016392587062692532,0.10284033881357943,-0.003982486160395595,0.1347906731794407,-0.03959551235198434,0.03796798853012023,-0.0886790250611317,0.12263379501146796,-0.04547518214411281,0.08640285299787819,-0.10310039116390747,0.00063864765222787,-0.06313861502493057
vitals_dbp_max,-0.09671462090904175,-0.2345040045725365,0.10479776461506585,0.02004023159659439,-0.061665400034896026,0.02518156079165314,0.04731973153803672,-0.06953608915416168,-0.11094803137024156,0.0011725013612414853,0.008201367849048277,0.021327006384431024,0.03192494460625356,-0.1069502494599099,0.17458675998229367,-0.07328316547988022,0.09272673905036462,-0.11583143223757522,0.010315108723501241,-0.08415977537762952
vitals_dbp_std,0.07581956952472922,-0.061599869906749274,0.02372165897080061,0.0009089128693255536,-0.015289034080802722,0.08378039358509837,-0.020128272079168452,-0.07806220769248332,-0.2960913046832858,0.008114592677076631,-0.1962234143951523,0.0821340380285412,-0.007604979387151745,-0.025194713064626686,0.08486077315719957,-0.045840016492506075,0.011611088718398275,-0.026264851502237667,0.017877179047242966,-0.027554936341606637
vitals_dbp_first,-0.12103239963127015,-0.22739756845263348,0.10079860064201265,0.02069348056626173,-0.05091486867572756,0.00668351766115223,0.05252765659207442,-0.054292584335113886,-0.048256696031281236,0.00048364460430862753,0.03238793519892143,0.010822667857403429,0.0328593895004487,-0.09978753997188299,0.1592652124683585,-0.06443100468773205,0.07509208419206279,-0.09883061666379002,-0.0043573715895754315,-0.08946043686655691
vitals_dbp_last,-0.1348678230296609,-0.20880480719355315,0.09506686198862614,0.020283025671998405,-0.054617612595926894,-0.016253342334324863,0.0617451815371445,-0.030989705893240044,0.047581028745967195,-0.0026158503698374327,0.11363253240596748,-0.0318677738208825,0.038257442697121044,-0.09791865577734842,0.14063447996846024,-0.05485624507537284,0.1056007421776736,-0.122093169626759,0.0153398597822929,-0.05690620939252371
vitals_dbp_rate_change,0.001779482525572882,0.015476176295384591,-0.0064731882728622896,-0.000996871843646744,-0.003144692266270406,-0.010218054532091356,0.0015980958940269758,0.011727976801225327,0.04307320389141036,-0.0019846858527351797,0.04235620016357562,-0.026309003815675008,-0.00046715458935385164,0.006227243833819815,-0.019258700163114147,0.0011791857519871413,0.02776691801989337,-0.013443602124901186,0.023577693574147268,0.03766108503028841
vitals_dbp_coeff,-0.002244953841824741,0.02644584028105225,-0.013982673675270315,-0.0025737417686806548,-0.0015770555789812362,-0.01706278040426121,0.003982955770889553,0.022054554031764047,0.0854512822890685,-0.002394088725967898,0.08151594684729141,-0.05057149548118743,0.00290517074621266,0.008154042701274117,-0.03177564577788204,0.010436350533362955,0.040935010607834325,-0.035404054902285126,0.043054310737070896,0.06395080287195835
vitals_acuity,-0.10613838907277283,0.031781583678194,-0.01849740869576995,0.0012770165521034608,0.015786750956831123,-0.044982546518201195,0.019321033687015404,0.04481475834734127,0.1366104874713453,-0.006225680617959994,0.020453698260164906,-0.057483579328424864,0.016542792950532834,-0.004587940971018174,-0.001226640665563482,0.004724577238309079,0.011889328173282544,-0.002210409829359357,0.08547064702897728,-0.004469860194615979
labvalues_absolute_basophil_count_first,-0.006254244512714762,-0.0043707421694342006,0.002460469633598018,-0.003154165683848474,-0.003293594443116413,0.02015174285919487,-0.0017482816858587853,0.002898070888249141,-0.021386307589617518,0.004579909882328032,-0.015327077518448943,0.0290272402521818,0.019320900772015655,-0.08427753687883166,-0.04117718504492173,-0.02523853157302653,-0.07273963041075845,-0.03334400090137391,-0.0408149983610308,-0.005434780126076409
labvalues_absolute_basophil_count_rate_change,0.0019723017054578615,0.007839812040256246,-0.013876482645270548,0.19342044976376238,-0.0037678668198860513,0.007639734986319029,-0.0005698499922806768,0.0004974590565390455,-0.006614795982019029,-0.03367350112744258,0.007246097108801277,-0.00808660784328211,-0.05761253170039165,-0.024401876650693304,0.008207862423569506,0.11355169393424691,-0.03490237535595906,-0.028785149570288528,0.027887174944366832,0.005424011590665968
labvalues_absolute_eosinophil_count_first,-0.013322348261688556,0.0068049054705307255,0.017904378942561045,-0.001184922618864283,0.00329458180032803,0.021732637902894293,-0.018667366891763463,0.003935899805693699,-0.021029935093312208,-0.002745548573135608,-0.07534087854954466,0.043809844027420296,0.07294906701420475,-0.18895636622973583,-0.07643045038563837,-0.030721653955945418,-0.10361379702382492,-0.033249877869835284,-0.051646920057357035,0.0003380734265348221
labvalues_absolute_eosinophil_count_rate_change,0.0037886254623215473,0.0032848393768881838,-0.007753496067693644,0.09895025808138867,-0.001962651184575577,0.005456817192572826,-0.006209527264058552,-0.0016941148116853873,-0.0016614005290191494,-0.05027447343101584,0.0027596259957875314,-0.012444174039729541,-0.05907293315175863,-0.013529636037400452,-0.03706619785113004,-0.06496244181157995,0.048431335337935706,0.04743937615331629,-0.008016263240150652,0.021406748924341083
labvalues_absolute_lymphocyte_count_first,-0.023254357205337552,-0.006952880186653658,-0.009957582881322665,-0.004538851719209269,-0.020892841452468572,0.03703527519242325,0.007538942537943651,0.024119136334407827,-0.049018509508429994,0.002316147951419094,-0.023735997973203457,0.04943776321896579,0.04948642849546793,-0.14690664610074622,-0.11815130309861396,0.014644544927631157,0.0038624510577628685,0.01833018231014316,-0.00787526345971254,-0.05605986961615031
labvalues_absolute_lymphocyte_count_rate_change,0.0047122092674295535,0.011168599239567844,-0.021396547787998856,0.271465670604547,-0.0031279493767826655,0.011115420276469062,0.001315139712546893,0.0022241117755956953,-0.006928258051438438,0.030600270648526877,0.006260510776272301,0.012135064703632294,0.023090709200695253,0.022373822048689974,-0.030169865057342288,-0.0577050602191302,0.002916410395793022,0.0023617899122514697,0.007367720685240614,0.01199603906924265
labvalues_alanine_aminotransferase_(alt)_first,0.0339124210746524,-0.004102203535096957,0.020007650631695583,0.0028435560852090457,-0.03316017548018107,-0.008840181323045716,0.024989281093875187,-0.03854461633543927,-0.0432021148717229,0.0023976438296630324,0.11330755239370724,-0.138929418662098,0.03737429872968461,0.015172512054658442,0.03440149216558247,-0.039092424233790266,-0.13165162088333598,0.2926403745484224,0.2720375151562626,-0.17015563452971844
labvalues_alanine_aminotransferase_(alt)_rate_change,-0.0005692132104127231,0.007109289328818906,-0.011943583468795807,0.1301855276570917,0.0011976090639838112,0.006250616758003916,0.0035095847322730994,0.005697137100383796,0.009963863775802762,0.4091297869616664,-0.015128419179163978,-0.025328474261009665,-0.06662837221915896,-0.03271437589646127,-0.02899794806929337,-0.0385098144872746,0.011920153060552769,0.014143936735198941,-0.004018123103043101,-0.007107039570615204
labvalues_albumin_first,-0.10695515519298236,-0.03328854568710094,-0.04798816997731885,-0.009908716180777969,0.019664899941495204,0.06208739873441991,0.006807689559949719,0.06926564768816705,-0.044942245447193684,-0.0008595014070733513,0.04571882533292802,0.09983666197041387,-0.06104279974167355,0.08629892940131795,-0.05208419897424148,0.009105386628329083,-0.08918493584133477,-0.09126529268445098,-0.06067456797633285,0.015341373735143828
labvalues_albumin_rate_change,-0.0012830222493042346,0.009030836520425191,-0.012756078617943528,0.13752004099055187,0.0012168485544313175,0.0068573010016493375,0.0009668675349781334,0.0006643535370102441,0.014899526133505373,0.44575456130727803,-0.020625611438747766,-0.04845782320829323,-0.15674876651867486,-0.06730669962752875,-0.03579637023134318,-0.05757041765205171,0.026101208021564525,0.004308427334983129,-0.000520566097226171,-0.003257344486002856
labvalues_alkaline_phosphatase_first,0.05891413828885864,0.0021611964030869893,0.03188896319291625,0.004184953184508885,-0.031436471589903224,-0.0422970778539245,0.011766747477911794,-0.0609663660624444,0.027713530891586652,-0.006913733433692349,0.010133572960715133,-0.10034382357761436,0.030339116428162647,-0.014042091325769755,0.06549889497071125,-0.06559462919339483,-0.07219907051962864,0.14873739255783272,0.19331749502087778,-0.09816936870350321
labvalues_alkaline_phosphatase_rate_change,-0.0004926168184313033,0.007933870666101088,-0.010147132884502844,0.1226149137141944,0.00021282351985429178,0.006536141118566191,0.0006512166528429731,-0.0008900577035165186,0.013240627168638016,0.40084044731758645,-0.018705406816991423,-0.04910839014856169,-0.17739205071530087,-0.07566864620650214,-0.032844447498186685,-0.057986236733627156,0.024951990558939333,-0.016184649387902015,0.004912843209741592,0.001280782252414975
labvalues_asparate_aminotransferase_(ast)_first,0.04673476069609878,-0.0028706663338787727,0.02601012411721857,0.003085590874572544,-0.04031706967872891,-0.014127665657090588,0.02471206173166835,-0.045714880332606816,-0.045144897498435435,0.002706707199897394,0.1106028339618508,-0.1440283862942837,0.04251043941880168,0.003629354703516181,0.029788874672871873,-0.040737643847943976,-0.12422737900507087,0.29674111607018094,0.2846661462757425,-0.17494498952267923
labvalues_asparate_aminotransferase_(ast)_rate_change,-0.0006922342374308465,0.002349437321637348,-0.005236172895953947,0.050159037898257514,0.0013582009229606963,0.0023162296373273705,0.002754747918879994,0.00840507629901203,0.001527349405598414,0.15952861005569344,-0.0045502989904804315,0.007861782378151872,0.07195858412704835,0.027721857218810077,-0.012451518219237007,0.001372264666560845,-0.007384979026186914,0.04531860844361274,-0.011461865983895494,-0.012076177265476173
labvalues_basophils_first,-0.07332253899360189,0.011844936051145418,-0.017047420195175213,-0.006660093663025915,-0.0011770382069082185,0.04038093738395348,0.011199424463841324,0.05469966137539131,-0.034289383896280494,0.0001929773345672164,0.007930704795196123,0.1302044425430809,0.029270252802053517,-0.15822878770308146,-0.03904985656838285,-0.009372387102475772,-0.08986271816981051,0.017300565263347983,-0.018420822149950906,-0.018466615976009473
labvalues_basophils_rate_change,0.001227769051840405,-0.0003157256453813272,-0.002682967672215097,0.032758600377895505,-0.0009699053766605932,0.00028784801810013033,-0.0014283140213203753,-0.00018164977433749376,0.006262081675386771,-0.05312737638613371,-5.7659940255800057e-05,-0.009062996359636017,-0.03946948963308472,-0.014709788050531882,0.012163050461891754,0.07654737498332469,-0.006392813449462385,0.005416083516493061,0.017277096248562877,0.007174199579107184
labvalues_bicarbonate_first,-0.0545376284744388,0.015676525133562127,-0.011145486086521637,2.4474562004712245e-05,0.061391039724482566,0.0025356591218392553,0.015254015135481264,0.07761617870564931,0.06188738655632024,-0.006283891224050211,-0.01848686372280047,0.15256929054772703,-0.036024728645682895,-0.019074065731783576,0.0704932525977324,0.029951509142186455,0.063437361754923,0.03423497695314609,-0.040894371090516586,0.013176534229949402
labvalues_bicarbonate_rate_change,0.0037051632960405294,0.0022288727750903047,-0.0020059189903191715,0.08378684000401723,-0.0019845918683048694,0.004033007606680105,0.0008577394857568881,0.0015165042718265113,-0.0005209317078183427,0.09083640943849569,0.0011545825038067905,-0.006143695255631135,0.025398376409764077,0.010407077513172974,-0.012800562153865032,-0.053529736410159276,-0.021662964873065453,-0.03097564610354477,0.02703162852109061,0.029273481658182582
"labvalues_bilirubin,_total_first",0.04657431378299262,0.008610388745644713,0.021505533194452038,0.000489571538703958,-0.035398992756928656,-0.030601685737726425,0.023095339074177663,-0.04734655337818015,0.01065854504909685,-0.0014672512584352857,0.03139306240662394,-0.10025153808598544,0.029671055898180802,-0.012527560133561112,0.08749056134293817,-0.041898393454340876,-0.06807649900243597,0.19208266747353428,0.15500741623862033,-0.07286661088134187
"labvalues_bilirubin,_total_rate_change",0.0007739845900952794,0.001828582045748058,-0.0029833301085879413,0.011240118059154935,-0.0004443460252247684,0.0006516234976974146,-0.0009205271915784992,0.002466676062211568,-0.0023479907887091816,0.07297380144546166,-0.0025177333060266045,-0.0029833671467987964,0.011973339133949469,0.0029197122214150114,-0.0009031815647547555,0.012324152166010691,0.0023917827589872683,0.02150873377824191,-0.0025464559027282337,0.005799498121499048
"labvalues_calcium,_total_first",-0.04427165415543279,-0.015150362861526812,-0.008265572198644305,-0.004676731299842016,0.00390641464238989,0.025976026325189003,0.007007941510829793,0.04094363799378946,-0.013614101836568289,-0.014882501434534852,0.00569159697445071,0.07651793603803209,-0.05167875672705215,0.052652885031665035,-0.032851009670783804,-0.014964729489906205,-0.10605276919947043,-0.04885282354660922,0.006688652912458882,-0.017742796217720694
"labvalues_calcium,_total_rate_change",-0.001031892099114104,0.005487366778197036,-0.008640754595358766,0.12262690218058377,0.0006534433621908449,0.005137298105545679,0.006628869313673021,0.009105917105437296,0.011420417064768944,0.37191708391269884,-0.002558968612483204,-0.005859384923281832,0.025649997421755513,0.00877175239287425,-0.015184842870265865,-0.05990748465003736,-0.0024376032294149766,-0.021984376674702353,0.005024544915465336,0.0022888649319115174
labvalues_chloride_first,-0.05683589824724319,0.02193156894765157,-0.024542693904116494,0.00881801872624388,0.0048189594978966166,0.002048078335579669,0.024950022560467744,0.09084494443963881,-0.027563387951044467,0.010059455168929459,0.003906820569737851,0.10691036022658768,0.035115702245867714,-0.09167856842806867,-0.002000589437429782,0.11331705707847176,0.17056084118584933,0.193110889916885,-0.06068982764949741,0.11161250838356451
labvalues_chloride_rate_change,0.003114771687847453,-0.007000844947265331,0.011174705733910769,-0.15651985179212138,-0.002049002626856001,-0.006648226216637956,-0.008846918817010605,-0.023977992285186232,-0.008324505559375866,-0.1719659585238962,-0.018024595543437764,-0.06255557011417048,-0.26513402344402465,-0.10907590038386598,-0.016324814899341282,0.05187600391215112,-0.0009256743629479481,0.0014540526973658378,0.007794916863313949,0.009519409350020257
labvalues_creatinine_first,0.05838071662507704,0.01968110980321684,0.07715270684103893,0.0034415691554303103,0.012755609064830373,-0.047242418452001035,-0.08529453135703167,-0.121079218027417,-0.007537092261605329,-0.006288322892138814,-0.009713426858928339,-0.14268481208798292,0.09295230201929001,-0.09649035144276917,-0.05491487644344391,-0.09200198750760016,-0.23251491708696675,-0.18706190074839998,-0.05333598579164821,0.025216928272470043
labvalues_creatinine_rate_change,0.0017094317798654222,0.007243438783779591,-0.012464645292594768,0.16924004868819661,-0.0028963909760165475,0.007678857671390563,0.002579856676622314,0.00898446811094111,0.005518451426300864,0.03575336416378625,0.004285818514867086,0.024673302385464058,0.12599286954988315,0.04003408452006509,0.03527375879351386,0.07545885253867055,-0.0462959047928101,-0.021290489779743668,0.008268470941812017,-0.012895960860439063
labvalues_eosinophils_first,-0.0464635893721129,0.03313875312928147,0.013572787480175857,-0.0022096265861834426,0.022085828627431272,0.015773672459076633,-0.038542221257972735,0.018219525030269593,-0.00652233442071404,-0.008340350303545305,-0.06494699753996823,0.09921482616372006,0.09481518968871995,-0.2603125593757154,-0.0794762965311674,-0.013168295542816783,-0.09447661576086161,6.291784475143029e-05,-0.042470159129524815,-0.005452301283566627
labvalues_eosinophils_rate_change,0.0004885054186778684,-0.0018882095733603376,-0.0022095230411950935,-0.026938255068281423,0.0021839788759499615,-0.0005085152342866889,-0.005991994869399502,-0.004358750073694621,0.008238887766080586,-0.023235319554009638,-0.004685852783043559,-0.01811794720507435,-0.08737059359948614,-0.021799566061257606,-0.035236451599879114,-0.06553254409983784,0.058687497860320355,0.061028999810615256,-0.01665792981314563,0.02493129819197364
labvalues_glucose_first,0.058495243625557775,-0.02745073239142967,0.04073071643921849,-0.004223237987470097,-0.013538358650848565,0.0018429347714046282,-0.05628276283715276,-0.07630758353529585,-0.049773338140398304,-0.0013887380079051735,0.057196413869881266,-0.09631142888077109,-0.010030275094944474,0.05370999324560491,-0.1092292829697085,-0.04084893699818422,-0.1349636870278482,-0.09227855707460499,0.008872914611613011,0.012612183285408182
labvalues_glucose_rate_change,-0.009392678854460684,0.002386237112319758,-0.014992006802597048,0.07909530283244437,0.008843733560077628,0.003965265536462545,0.00996142016253576,0.01811081607665391,0.020112098217512992,0.09724385754489992,-0.021587787329164138,0.0549083203246567,0.14519388199966182,0.06442425427964693,0.032020882629776454,-0.028987239214331263,0.012658540527968762,-0.0038219892039751614,0.0005554076128106835,0.01651076461640903
labvalues_hematocrit_first,-0.09729545916053399,-0.07890822470041323,-0.0549508685453541,-0.025765166655041496,-0.0224504067698128,0.12640155755100793,0.11084164046063662,0.1421014782489566,-0.1486827778109378,0.020836445623837588,0.2278335103665938,0.13448221214632008,-0.13658691111777205,0.13362409788426147,0.04470517834716639,-0.035017357089626354,-0.20658347540119706,0.03722788914568861,0.014979502850634645,0.02940053254608446
labvalues_hematocrit_rate_change,0.005772764942935828,0.014889314388017456,-0.025079956889442406,0.34561667147308756,-0.007526205019681111,0.014304243508770364,-0.0043409279657382486,-0.005235560690465262,-0.005510043355532737,-0.19601429074621377,0.009310943989449929,-0.010529553166227433,-0.09059877745785062,-0.02618576011207339,-0.02096599563517103,-0.04872757539857367,0.01094405746654635,0.015405660847091336,-0.010318097291202435,-0.001444265226158426
labvalues_hemoglobin_first,-0.10581019955305496,-0.07491814240895223,-0.06530534878261907,-0.025453939931449593,-0.02321778958275316,0.12257854671297291,0.11600104320244937,0.13909297021465028,-0.1437766465729541,0.018537354197231064,0.22618358439564756,0.12963142365262484,-0.1396602950406231,0.1445714134040262,0.05184528733835323,-0.03712936346884913,-0.19790284205254152,0.03534821766526193,0.013677906996550316,0.02054163410731364
labvalues_hemoglobin_rate_change,0.013205316048083492,0.013376704365895335,-0.010787903494764349,0.261597893790691,-0.012174759217800016,0.006673328228220977,-0.0037571804277571753,-0.011299887602103965,-0.015416550392389962,-0.16960409985785954,0.015357683443422173,-0.017679572594689125,-0.06701571547182475,-0.024212196151796046,-0.04223516106097836,-0.0761741840043276,0.036756345333500536,0.03058728291311972,-0.017340231477294424,-0.004201833563971516
labvalues_inr(pt)_first,0.06771941680467955,0.018906652310022275,0.04327842354305363,0.006262774313603974,-0.000611734858970548,-0.016456796964909853,-0.035569408135458176,-0.07854456882031914,0.0019522993994687513,0.007271233571560221,0.002949888027648005,-0.08665043743469208,0.041590202112978175,-0.11247750216825816,0.29972278899441,0.042908569790338205,-0.01939193016099621,0.3084826449538827,-0.10587441183910917,-0.014865554175348777
labvalues_inr(pt)_rate_change,-0.0034257254369654184,-0.0056805621003802416,0.008114614583018272,-0.10852991634288775,0.002197061586651592,-0.0027199941249411814,0.004409806535396153,0.01431045348652786,-0.00023664684485159656,-0.046939044583447526,0.024195177490226434,0.03738008663424594,0.1143487471246758,0.08320074255477622,-0.15987320450648398,-0.5100575130924923,0.17913364959849187,0.11329393876105014,-0.04205480907630011,0.013869724969127912
labvalues_lactate_first,0.08483132932519667,-0.02898589938766901,0.032446788661602194,-0.013063430414651495,-0.07261190619588208,0.015390757279827924,0.010542652244889938,-0.011779154204079857,-0.10406525470127449,0.010043613144947384,0.11151557534591984,-0.07936421528710508,0.02003500965417937,0.0004039187904799411,-0.10610042660954695,-0.0030913154891127836,-0.06896862649384557,0.07557432676944166,0.0745102656679084,-0.030628811378881543
labvalues_lactate_rate_change,0.00028710806694165367,0.010708369342867225,-0.01404229400467338,0.20989711679441383,-0.005732681045081333,0.004965821988044347,0.0007541451487924759,-0.001058225975891534,0.003614482359455417,-0.112354351887904,0.0011655272599194715,-0.014942826333428787,-0.11236743416004275,-0.04311451074832348,-0.010159155330780207,-0.020032868264366288,0.0026762597591494697,-0.007387245180279593,-0.012730697514386411,-0.0068299029651085925
labvalues_lymphocytes_first,-0.10928881472531489,0.02437331636043052,-0.041343741453695494,-0.007644098637541211,-0.02840775247247492,0.048252895010919276,0.017882083795126718,0.08796044199284297,-0.06004169223579756,-0.00585040924454627,-0.036560263403421285,0.15529869889890743,0.09693409981587263,-0.30895811078901364,-0.16386731484616157,0.06083208327904505,0.025255330205249185,0.0690909779094158,0.029539581505212593,-0.061125004658994016
labvalues_lymphocytes_rate_change,0.003673102166398683,0.00863721294674748,-0.012713963427185997,0.1917028923740766,-0.005888087318548714,0.005058320708023919,-0.0038073664011976124,-0.008754714553508751,-0.0010706472594667264,-0.1686085324551201,0.006726027474171632,-0.0320089453988881,-0.18853693416064252,-0.0603885319143008,-0.062316253232124384,-0.18343378366995158,0.07589927731469327,0.05573393338083984,-0.04152318638154836,-0.006569486760895772
labvalues_magnesium_first,0.0014020505741136314,0.0175916867729309,0.040241934558273275,-0.0030943451711759272,-0.010673103152062569,0.005707634420522739,-0.00968088942072954,0.003037057016210885,-0.03572629440046025,-0.0024504498591428007,0.04629879836764842,-0.031309971373640874,0.006554907727538173,-0.019694671267877474,-0.02553122578947506,-0.05809281445694237,-0.19394033806128447,-0.09727562013863876,-0.018180790629106876,-0.04283992386072912
labvalues_magnesium_rate_change,0.0016779995729995134,0.0022164694496860514,-0.0023040553757782954,0.060250067769837864,-0.004495822758126103,-0.0003958214345182856,0.012336628522516886,0.020216373662396578,-0.012767607332132861,-0.12700435172471058,0.029798089026202946,0.09911372931126536,0.35918055678235905,0.1517797340228488,0.030360502329811148,0.07623978916778516,-0.08899031569604574,-0.04460866001694825,0.016846741046137613,0.016647130292305155
labvalues_neutrophils_first,0.09906230579121787,-0.02738330913332786,0.0303126371284847,0.006917970811604044,0.02246217235767248,-0.043306709772505246,-0.013481240143555907,-0.0794387720063736,0.053579294346336015,0.00673854061976468,0.0602582723412371,-0.15750627078952428,-0.11416204477907915,0.3464944338814448,0.1624496209940964,-0.048202938138643465,-0.006963616889681801,-0.06719912151571968,-0.02520290801676725,0.05351785909350219
labvalues_neutrophils_rate_change,0.0002438933462562576,-0.0027799766022654007,0.008142444411926408,-0.055517449722322205,-0.002022106595114388,0.0002545545959677893,0.007811383477615953,0.01519561797072467,-0.01743613768052595,-0.13933031661329223,0.026032330429155627,0.07364273805753507,0.27454469120963865,0.10578670967388758,0.03865275851909329,0.11524030953007267,-0.08679565265191315,-0.05205707783945096,0.021840003210867185,0.010024003954056166
labvalues_pt_first,0.06796513224103425,0.01867793348051179,0.043589507989291516,0.00643490638571565,-0.0015109799598360223,-0.016143024246304174,-0.03525795306486647,-0.07939893216651826,0.0014976119037381182,0.007242978706052101,0.0020497072738413853,-0.08774397138343064,0.041710170360765665,-0.11253448968651508,0.2991609944735451,0.04327832652884316,-0.020238361542428775,0.30782613410206977,-0.10462938834150781,-0.01458656538728959
labvalues_pt_rate_change,-0.003362480333937281,-0.005652753496810037,0.008113512249162656,-0.1116881508159063,0.002478177212784557,-0.002837075669787764,0.004429808383769247,0.014381770143312083,-0.00023606997762984125,-0.04413415960705024,0.02429395813341142,0.03597110018106142,0.11312608848227526,0.08256046739895172,-0.16071069882261388,-0.510515164611465,0.1787888896718623,0.11244015201950164,-0.04227473334080197,0.014240244778675928
labvalues_ptt_first,0.02866808444909731,0.012215158327111137,0.030442873961255293,0.0037005179505176333,0.00034722690901773485,0.005801098560015086,-0.001657726748815025,-0.035059733328466396,-0.03543392360163136,0.004112084018562084,0.020953402768455597,-0.03209395698323989,0.019342507293692714,-0.07777011255717889,0.15697334420226647,0.00870996863817464,-0.012568231910871263,0.1700325274690499,-0.07980122053676278,-0.024936997592943787
labvalues_ptt_rate_change,0.0012612117470728297,-0.0012830768532626163,0.006814309309566887,-0.045759091256883516,-0.001543942688783928,-0.0040785123481981425,0.003923551616925006,0.004490671237433885,-0.012101401543153284,0.018041378171068646,0.032424869109492035,0.01839541234974652,0.06979489675986299,0.03581996822160789,-0.09187398993183063,-0.22737529758226888,0.09496111432974945,0.06058940600137636,-0.04065036457210757,-0.00191030904844737
labvalues_phosphate_first,0.04476653108609919,0.02148559561125443,0.07081160364528827,-0.0037246478767487606,-0.03590837024814025,0.006325105720427109,-0.03338568335279295,-0.06113163052204577,-0.053530453395103685,0.00041690111071699564,0.05772202835678968,-0.1380470903797895,0.06066364023815964,-0.07825011268863977,-0.09545093489536115,-0.06619661552258885,-0.2289398340413673,-0.1337005684763115,0.0025021665801078547,-0.056686850610284605
labvalues_phosphate_rate_change,0.0005956424680698527,0.006687819325467111,-0.015235006219819535,0.17638563857698492,-0.001628061664415732,0.006521447791789903,0.011521440950864133,0.019008458309091952,-0.007364251340291587,0.08557413638414274,0.015796256778955794,0.08158909113939977,0.3168048915383168,0.1434260661437778,0.0024976895397454167,-0.03348078738927872,-0.04726609948542321,-0.01614292607829831,0.008859888805167105,0.009957492987910762
labvalues_platelet_count_first,0.006675842332393765,-0.029535241114859626,-0.023881837853862886,-0.007993307927766117,-0.035413908136700464,0.025396306161778397,-0.018262746052299217,-0.0045853432185559515,0.028115567650392588,0.005182395728741847,-0.040547468318190144,-0.02673440697974576,-0.0011083692024337877,0.017070801814984396,-0.05098718683344796,-0.003481237253896218,-0.00013846626237978298,-0.09254783252633274,-0.0017286169742546976,-0.0471326530139571
labvalues_platelet_count_rate_change,0.004977126420134896,0.01179945037748615,-0.017221271982993707,0.25503714005436856,-0.0031373456938185024,0.013308094326048672,-0.0008547212219562161,-0.0021772699230104397,-0.005792996077046248,-0.16389844753810554,0.011239435735199848,-0.0036561069981663617,-0.05868132022618357,-0.015431819485776242,-0.025472807648400684,-0.07072147815395158,0.012564210846989138,0.017284695487368332,-0.008392167108985408,0.0020990834872535134
labvalues_potassium_first,0.04382821238225388,0.007012025073938339,0.060470995394774095,-0.010214955301789013,0.006772484480072557,-0.003113590459927434,-0.050116236402723835,-0.05822367080062953,-0.04792583849775443,-0.0025884954143768,0.009335080060380049,-0.09630760862932809,-0.011435296610334522,-0.031278843786221484,-0.044442569238936684,-0.10019286744556542,-0.21358355947650529,-0.1632943550906669,0.021556741349416916,-0.019624506907083894
labvalues_potassium_rate_change,-0.002112298828240051,0.008208066884805793,-0.014314064388490474,0.13460516007811005,0.00019174094820094891,0.0052710876910913316,0.005942438836638768,0.022606487487476134,0.008737910134242653,0.0745880842365357,0.011337646865121105,0.07096368165420007,0.29411976582626065,0.12429492553734925,0.0285629817247947,0.0023355614064037526,0.01651130351755542,0.039260403093122155,-0.03293238962860335,-0.028035582083189244
labvalues_rdw_first,0.10926979720208399,0.022241027749882656,0.07261288331456625,0.007729938862098875,-0.0008032693833090447,-0.056900165290178814,-0.06303484054936097,-0.09745266781704576,0.08809610576065031,-0.0029495873880610547,-0.10012085439754712,-0.07323074088231474,0.09124349620489301,-0.1344822030909073,0.040594480234340445,-0.01314475469753361,0.03571507712670892,0.020334131003368696,0.0057605505725717675,0.028714188370822572
labvalues_rdw_rate_change,-0.0012450391659186426,0.0005641615920918766,-0.0015340405256701484,0.006419303676823864,0.0018200148936597098,0.0025045933465184414,-0.0007673953521600173,0.004718726434409374,0.008877937641273204,0.0024702527591280816,0.0036175661141540252,0.017062567308093593,0.06513838229114173,0.0334819157390987,-0.03905766132352727,-0.08630463638662397,0.02310481839488771,0.025111704075877317,-0.027557897795809434,-0.006637551984525197
labvalues_red_blood_cells_first,-0.10450590612732892,-0.08245145755318868,-0.06756108205515732,-0.024177604189900087,-0.028423979400690573,0.11988895820599191,0.10282088821389616,0.13713432398413036,-0.13381532727194767,0.0183289625383024,0.20008640547234688,0.11050335650738365,-0.118284251218134,0.1116199063863539,0.028880133229965216,-0.028911910413558645,-0.19203721648682243,0.027938319318871967,0.017047852975516135,0.04420159288762152
labvalues_red_blood_cells_rate_change,0.00622901347845191,0.014676036265567816,-0.024541554239195396,0.3443890218292866,-0.007808954159140517,0.014054689258037047,-0.004694915158661987,-0.005437589577801446,-0.00674488035150408,-0.19867261186026844,0.009743429107813692,-0.011748744811947322,-0.09584298303096998,-0.028261534023630134,-0.023109392763855187,-0.056252441185598794,0.014235380385409427,0.01730548260897137,-0.010709303202634727,-0.0013764027191935494
labvalues_sodium_first,-0.05884736936215933,-0.009892566986970166,-0.014222469423207403,0.00794368804752333,0.009322821156091106,0.02800017299377086,0.03810853353844359,0.10842578027015361,-0.03503817553045742,0.006872881686882951,0.010655311675282692,0.14720820854414912,0.017581651659782302,-0.06883905289492977,-0.0017222622556877596,0.11955753574738928,0.12632110038226826,0.18905368023722768,-0.06954509174613445,0.13287482741607343
labvalues_sodium_rate_change,0.003951188156418002,-0.006385328902121935,0.013328297201011696,-0.1206741445398258,-0.001411010677149393,-0.006784324635044292,-0.007323767613754254,-0.02298630016567232,-0.004463700927170733,-0.07335172377671616,-0.018196589615722663,-0.07659992626392143,-0.2915444697606137,-0.12016577627164214,-0.026807994605791852,-0.0017435130234131988,-0.02139591546090954,-0.03516564471970276,0.039910648859976,0.037984885642959355
labvalues_troponin_t_first,0.033613534292947306,0.005723291110868939,0.028094165208163827,-0.00035387771457350725,-0.01737994310829891,-0.002822716070825139,0.0030808781063117042,-0.004393509284374974,-0.04096445619181886,-0.004149295584218229,0.03722181600411883,-0.031195102870569265,0.018678782941077356,-0.016987289972249648,-0.01652335073396287,-0.02539537641293686,-0.01937242274815397,-0.033338138782915,-0.0028901367917831297,-0.03606202918054401
labvalues_troponin_t_rate_change,0.0011974327095038955,0.00046156699912440447,0.001739393924173792,0.014610667873546253,-0.0031250990131928644,0.00121840974097957,0.004547101925871181,0.007227836408954009,-0.007431404435370343,0.009185754034820255,0.010058885097144879,0.013531015996009069,0.05519537992949791,0.030909419104942402,-0.011055505617213078,-0.019671711652419963,-0.0020856511237724996,0.0019916299850301113,-0.005161047604002365,-0.00011355674009761314
labvalues_urea_nitrogen_first,0.10106098135988119,0.04827398761722776,0.11080740900968342,0.004582181682508562,0.02008092146578106,-0.051838652425784865,-0.09121172648467801,-0.11710875317359783,-0.00043975784506086475,-0.002483789455596605,-0.020690271843878647,-0.13381871212690297,0.06389229238310319,-0.04519000286157866,-0.01097516512492531,-0.08737037342515344,-0.2037913264819031,-0.14527285348517582,-0.07044988150343522,0.027424225200006216
labvalues_urea_nitrogen_rate_change,0.0043221992682002655,0.01050772432395989,-0.01888602683452795,0.25868643120788576,-0.005170881479097392,0.011225072757240767,0.0028379332906943878,0.006288061207920249,-0.009673037856119638,0.012128069418278282,0.012265695281922073,0.022842837152279163,0.09324416113152514,0.030628054022188347,0.03957875208863485,0.13740900160044547,-0.06217894582223496,-0.04335219669960541,0.025075857727423736,-0.01357705521153172
labvalues_white_blood_cells_first,0.06380468988133148,-0.027768660688249864,0.011283291960681969,-0.003998441098204415,-0.020356483809944797,0.008709045733155061,0.0015980007733265432,-0.01861763494317126,-0.03611091281601899,0.011690159699721278,0.022084450871617506,-0.059721249497627256,-0.0011123999317799913,0.02005243389993517,-0.04875940750049274,-0.02008789429743891,-0.032541492955645686,-0.03411264140646775,-0.022703306125373152,-0.017715596919277772
labvalues_white_blood_cells_rate_change,0.004733300649681351,0.01504452771414132,-0.024671183611857286,0.33706517836941235,-0.005657084729232791,0.01619328839953956,0.00015018734622944255,-0.0012033875225395336,-0.012161394810288538,-0.08676491930318994,0.01372703334982119,0.003091166362246196,-0.03049140202236729,-0.004334836592331025,-0.023837618518400928,-0.054838661531603695,0.0020120815722408834,0.0010412540427102708,-0.0016657295555697713,0.0008142017858665323
labvalues_ph_first,-0.014016524110516444,-0.013019712304718331,-0.0017278861688163152,0.0013423485370573367,0.0027690956619643562,-0.014024278286382488,0.014385944977573777,0.009543733523079438,-0.025657407439452735,-0.005709686408655797,-0.03222159552122912,0.025020881460733304,-0.008318666412406233,0.01439350050004115,-0.01989435026620261,0.027839846062116275,0.06562979177076335,-0.011956323810964493,0.05828724929785355,-0.05130667430478085
labvalues_ph_rate_change,-0.001383772423092823,0.0026180096702898997,0.0009053095896028408,1.9817020919074382e-05,0.0002643758958212192,-0.0007839804047878117,-0.0025602627568224066,-0.006817599538184368,0.0018262692140895021,0.0013653123313251854,0.0022868526473519544,-0.002199044881294185,-0.0025015676317522075,0.004495613991763195,-0.0014356714859642234,-0.012737056198090756,0.013072936081599639,-0.005984571305091112,-0.01829943443564592,-0.014402440180361261
deterioration_severe_hypoxemia,0.01808443372380902,-0.003948978987454264,0.0099253207764317,-4.3476044721916486e-05,0.002188347418580439,0.007056165346580248,-0.0024128777078025717,-0.009213762219503652,-0.016128403271907156,0.002492475897122463,0.032295678969575844,0.006691273283607111,0.003556490787852745,0.002368043886821115,-0.0020508476727392998,0.0380756638268121,0.0274634616229679,-0.015357410020504517,-0.032263643008427184,0.006271072922261391
deterioration_ecmo,0.009408829333940232,0.0013960319719537994,0.011142894734403734,-0.0007274652011625554,-0.006306979260393727,0.0015964808771181751,0.0062364716305941875,-0.003775387919198675,-0.04424572068751405,0.0052919252198473515,0.04928713638171115,-3.89175086960749e-05,0.021877988074330237,0.0103873040581429,-0.04832162876169819,-0.011182265441808809,0.050980848467801515,0.02714546662386241,-0.038911947608564354,-0.021699716570905036
deterioration_vasopressors,0.0649812003124358,0.005114143589846581,0.021799065311844966,0.004096749271027142,-0.033859119972054576,-0.0017628838671124268,0.0162438281927415,-0.001617264351120759,-0.0883613246368715,0.0032500851329984454,0.10912342067280088,-0.04652505738884628,0.017597181798083564,-0.024592969224655405,-0.099289257347972,0.07159360787191686,0.01463611221213544,0.014511215788687092,-0.04788679719190426,-0.04935299377841263
deterioration_inotropes,0.032834232770218345,0.007382229307791889,0.02706594706818785,-0.0006208376708518133,-0.022245250208884623,0.010369903318650732,0.014397103821750863,-0.00033229593891587124,-0.07332865715243729,0.0021706773859046014,0.09262255820300305,-0.04884205744782133,0.018485458810933584,-0.029536720678916162,-0.10122121998544689,0.050389764703732506,-0.015140233754639108,0.003932565903168369,-0.048337688454462895,-0.060535956455379465
deterioration_mechanical_ventilation,0.09223428644457043,-0.014399067169329597,0.06990426361310853,0.0076919580875251066,-0.06884951241776775,-0.019995103952503965,0.04143012883402852,0.00140047121111399,-0.15313567783396578,0.006037278558509759,0.1521653984865124,-0.045809475420203506,0.018817707084268553,-0.003821966346293795,-0.11793506139716466,0.09357617358501572,0.0919354171749839,0.04158102595190748,-0.035649519759121805,-0.008323300178351735
deterioration_cardiac_arrest,0.032652773251502114,0.00248887039857312,0.05078157677125636,-0.004209691674622676,-0.050425106833491114,-0.015381709349634573,0.04391934621606641,0.016381663467740955,-0.07411819421302802,0.01246283910515198,0.12218346005951818,-0.035494189981145056,0.022249449305462903,-0.02672311329644436,-0.11677048004976646,0.013738456330151512,0.0058847630346484155,0.06784248164331246,0.0034307114904363607,-0.04111364583417311
deterioration_icu_24h,0.1525266872563502,-0.026262517140987793,0.07652362742041402,0.005154347991278487,-0.05138735492703814,-0.0021281831810223348,-0.011924052769956603,-0.06348536026320263,-0.20253939521370173,0.01664646504539939,0.17067548125431492,-0.08070820697949635,0.017047038263888706,0.051615672169886155,-0.08943444802646447,0.12970288370490096,0.19244644468397606,-0.025523816189978805,-0.12365812763201006,0.029470630964579626
deterioration_icu_stay,0.16057783347606452,-0.024645943238075514,0.08912216270183125,0.005549106764026048,-0.05127684840439686,-0.007180473852612853,-0.006952896521333999,-0.06287163425995716,-0.19458488729993098,0.017436501370975757,0.1715792412153673,-0.07570496493614291,0.01611460663779463,0.05364702818160213,-0.07719229045267231,0.12757082857717894,0.195744365877163,-0.02943553670602973,-0.13651941399521308,0.03891927920550586
deterioration_mortality_1d,0.06624939802640507,-0.0007757353333239388,0.08627377514831004,-0.0006482716491616131,-0.07179417326766606,-0.034235219082936946,0.09569819881787774,0.07055442256026392,-0.030107160746497292,0.014225621753612229,0.0782789320088733,0.024411652809501676,-0.012109853823799817,-0.057962378267657856,-0.12361031457530464,0.0009368811429659724,-0.00012953514656216208,0.05664329236948836,0.07676236116008311,-0.012851645329422337
deterioration_mortality_7d,0.09986866337401622,-0.0009624463982978917,0.12389648766407024,0.004375945916148179,-0.09680008181393823,-0.05146897956611679,0.13447992631963998,0.1011868028156788,-0.015805858818966293,0.013792847169123547,0.06981982030973582,0.05907543353638774,-0.021815565004325518,-0.058157200688627876,-0.10493269236180254,0.00837933430047746,-0.01711863197112693,0.04758150476958645,0.07268207851804612,-0.0027965471740839776
deterioration_mortality_28d,0.13221084742321648,0.004128749482791219,0.15429097943737424,0.006497075490197699,-0.11183498572208739,-0.07967765232742839,0.1689029313269154,0.11981723154021673,0.024962350273864387,0.006061969307017057,0.028496135853128886,0.09698142914158851,-0.02092993228875632,-0.04718140568021107,-0.05044396056657637,-0.003243054524031944,-0.040745355011171824,0.024423211733925414,0.06409430073986114,0.014686686101794393
deterioration_mortality_90d,0.1465842367779798,0.012054212757471336,0.16299359657228005,0.00946379988715182,-0.10483717160633246,-0.09354473233630965,0.16445508610641763,0.10987064155429671,0.07273374327971406,-0.003040914681686909,-0.028629772694572394,0.11460866635982433,-0.027204827390998963,-0.03090540626339127,0.018979612667191125,-0.020032784655031447,-0.046286506991074026,-0.01416723399208115,0.020951009745800584,0.02899458943456746
deterioration_mortality_180d,0.15215769802592846,0.017152818879482556,0.16792790249378697,0.011122660317076196,-0.09445620084233392,-0.10018168540507368,0.15318442519822908,0.10086403240504829,0.09607387694028847,-0.005991902084043749,-0.0568579032930523,0.12519060902322837,-0.025719062857510685,-0.023141806933003647,0.05348534066898176,-0.03128360735546581,-0.04803176622646121,-0.03505174799596673,-0.0017100199650149238,0.035201436177334296
deterioration_mortality_365d,0.15614351727155476,0.021595103208478388,0.17039979169633232,0.011753908949747134,-0.07458091886868219,-0.10216925136127236,0.12936979304313367,0.0803344718625237,0.10935540411523978,-0.007215889943747099,-0.074741552930689,0.13564748714299454,-0.025870786711644108,-0.017670754482849122,0.07899270640998622,-0.03885367686499635,-0.047188563213000065,-0.04988126953791056,-0.02067121463694381,0.0453292407497695
deterioration_mortality_stay,0.023592790303021905,-5.805589839389644e-05,0.032600430042728605,0.0006516787130546702,-0.02915326775532039,-0.01860514273201513,0.03917924348689484,0.024808687470346105,-0.017912774185596406,0.0037065218258145027,0.03129540442713844,0.007527265487026727,-0.027441111666882945,-0.03493642884041061,-0.056265111779876,0.034092791634024566,0.011541142293027417,0.0025672363222494967,0.04929928323140514,0.013336768512140966
admit,0.10826539666017802,-0.0013030611007535337,0.06780553979418731,0.0037758738321474325,0.04598224779176251,-0.010772557411498147,-0.043151015618991755,-0.07125379953173266,-0.03883214271884111,0.005493189863524876,0.013979968496825475,0.009451485929655648,-0.017885751397730784,0.048631505048065876,0.016700859865982506,-0.011333513279184504,0.002530353594717751,-0.0030155512993665433,-0.07485953538758906,0.04336028836983586
mortality_any,0.14949401772282395,0.030568534313011538,0.15766993683249458,0.007783721074055503,0.020237546304360875,-0.09037878350997099,-0.05352163367503934,-0.0837213360930193,0.1225601931354356,0.00845073454614555,0.0962896375616457,0.29010546298078366,-0.04214972132513233,-0.06369415355285492,0.05776816768623188,-0.04229499173902736,-0.051577344742683946,-0.0328248476877446,0.05025571933370385,0.03273081206125089
mortality_28d,0.13479187801246661,0.0047517281774004105,0.15503524035702385,0.0053998235028797845,-0.11341135614156914,-0.07539802955487891,0.16625160866561867,0.11572093463051522,0.01686864575412953,0.0072568432490658225,0.03479752298522599,0.08567230256238736,-0.017660037058082667,-0.04846704709767847,-0.05771148016918132,-0.0030178772750957647,-0.04466694535631748,0.028945015003379804,0.06357933095639194,0.006889358269530253
mortality_365d,0.15854013449853707,0.021876541740379268,0.1719586530463409,0.011136061508214775,-0.07662689666286147,-0.10018029323919372,0.12943603213250576,0.07917131610109883,0.10432084059914067,-0.006389572839059678,-0.0701975715582588,0.12961897904600936,-0.024111156691126703,-0.01898239936524558,0.07354494344106781,-0.03851967593431564,-0.04974471405345665,-0.046587407613207885,-0.019912068732224026,0.04073066552218477
mortality_gt365d,0.02876459226364751,0.018080381935018684,0.024843657404533353,-0.0018365085370460642,0.11739976936784843,-0.01237655362001878,-0.22575926711696695,-0.210466080963303,0.05327016174403831,0.019390543764862628,0.21792396302661357,0.26184419772234646,-0.031935275500111396,-0.06845473486176566,-0.003096025261552455,-0.015468381662016816,-0.015656379188288185,0.007311238925740819,0.09438500052699783,-0.0006674803839644721
clinical_deterioration_any,0.16213195130785896,-0.02445405300055398,0.09124481172850583,0.005063593200280643,-0.052398278795886905,-0.006318018709396983,-0.004987139099579972,-0.06216747049528952,-0.1976393130421883,0.01697497450676065,0.178201891293955,-0.07449639942245595,0.018196103146356897,0.05087502259701531,-0.08252474933131315,0.1302847823901591,0.19409310699728266,-0.028111300575853114,-0.13852544082500168,0.03571686278918642
death_or_deterioration_any,0.1762872313339863,0.01136565376018415,0.14674630535378683,0.007403436663380226,0.010690484767247046,-0.061758601636240515,-0.07055426017440825,-0.12113471890548518,-0.003779863168731913,0.015692709709683957,0.16101068996263976,0.18362878645587033,-0.028536600025037825,-0.006161023288917495,0.013315636937151902,0.033462792842358674,0.06598596499576581,-0.0427548831591046,-0.04043676313053874,0.04285813632582062
month_time,-0.00015378696687546377,5.556245166885316e-06,0.0013599588910583158,0.00027989395240247175,-8.602567832013221e-06,-5.3809091471709574e-05,-0.002559992292261565,0.0062696880369758285,-0.0002276083630135252,-0.004471074295623016,0.0003889908510429828,-0.005979457254469578,0.0011204580823795161,0.0011505517271734305,0.0006380032047088719,-0.000654799139631412,0.009361582108032751,-0.00568600805034633,0.011391797329072337,0.0033908553460089423
tod_time,-0.002466909334376069,-0.004480801593493751,-0.0056157881681048166,0.0017787547078688822,0.006292821677942198,-0.02153847590253476,0.007345333261593852,0.016065274364757465,0.04452505019232629,-0.004431034788984066,0.005340905017496487,-0.003824408821533968,-0.005438805274877121,0.02154364617217509,0.011550276092468302,0.0067565162886127315,-0.014072667551383408,-0.009109180975521205,-0.021940871593328897,0.028013191772529103
